{
  "total" : 3,
  "items" : [ {
    "uid" : "bbf45a08ca61e19993ac78ffe6825d18",
    "name" : "意图识别",
    "statistic" : {
      "failed" : 0,
      "broken" : 0,
      "skipped" : 0,
      "passed" : 1,
      "unknown" : 0,
      "total" : 1
    }
  }, {
    "uid" : "d5f777312c4b597b80413a5fdb70dd49",
    "name" : "症状相似度",
    "statistic" : {
      "failed" : 0,
      "broken" : 0,
      "skipped" : 0,
      "passed" : 1,
      "unknown" : 0,
      "total" : 1
    }
  }, {
    "uid" : "cbf7d9a70dbac058dc21d4ece7896a3e",
    "name" : "症状归一化",
    "statistic" : {
      "failed" : 0,
      "broken" : 0,
      "skipped" : 0,
      "passed" : 1,
      "unknown" : 0,
      "total" : 1
    }
  } ]
}