[ {
  "uid" : "45eae3acdae6950e",
  "name" : "test_get_symtom",
  "time" : {
    "start" : 1585729981269,
    "stop" : 1585730092899,
    "duration" : 111630
  },
  "status" : "passed",
  "severity" : "normal"
}, {
  "uid" : "4a452ccbf73ca36",
  "name" : "test_get_intent",
  "time" : {
    "start" : 1585730921342,
    "stop" : 1585731266660,
    "duration" : 345318
  },
  "status" : "passed",
  "severity" : "normal"
}, {
  "uid" : "72800d05e67e5340",
  "name" : "test_get_similarity",
  "time" : {
    "start" : 1585729904373,
    "stop" : 1585729981263,
    "duration" : 76890
  },
  "status" : "passed",
  "severity" : "normal"
}, {
  "uid" : "70236c747493f9fd",
  "name" : "test_get_similarity",
  "time" : {
    "start" : 1585729370409,
    "stop" : 1585729713499,
    "duration" : 343090
  },
  "status" : "broken",
  "severity" : "normal"
}, {
  "uid" : "472847a8b23c7184",
  "name" : "test_get_ner",
  "time" : {
    "start" : 1585729713680,
    "stop" : 1585729904370,
    "duration" : 190690
  },
  "status" : "passed",
  "severity" : "normal"
} ]