[ {
  "uid" : "ee65ee0ac5a73de6",
  "name" : "test_get_intent",
  "time" : {
    "start" : 1586225957851,
    "stop" : 1586226324423,
    "duration" : 366572
  },
  "status" : "passed",
  "severity" : "normal"
}, {
  "uid" : "40ddfcb610b83e5f",
  "name" : "test_get_similarity",
  "time" : {
    "start" : 1585729904373,
    "stop" : 1585729981263,
    "duration" : 76890
  },
  "status" : "passed",
  "severity" : "normal"
}, {
  "uid" : "4fb17e3c57680c5a",
  "name" : "test_get_similarity",
  "time" : {
    "start" : 1585729370409,
    "stop" : 1585729713499,
    "duration" : 343090
  },
  "status" : "broken",
  "severity" : "normal"
}, {
  "uid" : "a2055a7ab38bc233",
  "name" : "test_get_symtom",
  "time" : {
    "start" : 1585729981269,
    "stop" : 1585730092899,
    "duration" : 111630
  },
  "status" : "passed",
  "severity" : "normal"
}, {
  "uid" : "804c2d6f4f4199e4",
  "name" : "test_get_ner",
  "time" : {
    "start" : 1586341704545,
    "stop" : 1586341847704,
    "duration" : 143159
  },
  "status" : "passed",
  "severity" : "normal"
} ]