[ {
  "uid" : "e453972b39ac901f",
  "name" : "test_get_similarity",
  "time" : {
    "start" : 1585726778355,
    "stop" : 1585726778380,
    "duration" : 25
  },
  "status" : "broken",
  "severity" : "normal"
}, {
  "uid" : "6805aea3db84ae74",
  "name" : "test_get_ner",
  "time" : {
    "start" : 1585726778706,
    "stop" : 1585726972062,
    "duration" : 193356
  },
  "status" : "passed",
  "severity" : "normal"
}, {
  "uid" : "f0b032a31afa728b",
  "name" : "test_get_similarity",
  "time" : {
    "start" : 1585726972066,
    "stop" : 1585726972077,
    "duration" : 11
  },
  "status" : "broken",
  "severity" : "normal"
}, {
  "uid" : "edc8f770f13e6214",
  "name" : "test_get_symtom",
  "time" : {
    "start" : 1585726972256,
    "stop" : 1585727085037,
    "duration" : 112781
  },
  "status" : "broken",
  "severity" : "normal"
} ]