[ {
  "uid" : "2b008dbb7f586930",
  "name" : "test_get_similarity",
  "time" : {
    "start" : 1584086713941,
    "stop" : 1584086714209,
    "duration" : 268
  },
  "status" : "passed",
  "severity" : "normal"
}, {
  "uid" : "8bd290986077cc72",
  "name" : "test_get_symtom",
  "time" : {
    "start" : 1584086714385,
    "stop" : 1584086714520,
    "duration" : 135
  },
  "status" : "passed",
  "severity" : "normal"
}, {
  "uid" : "fd1eee1f08afa480",
  "name" : "test_get_similarity",
  "time" : {
    "start" : 1584086714213,
    "stop" : 1584086714382,
    "duration" : 169
  },
  "status" : "passed",
  "severity" : "normal"
} ]