{
  "f3f50ad4fac162ae74e724ca1dabde50" : {
    "statistic" : {
      "failed" : 0,
      "broken" : 1,
      "skipped" : 0,
      "passed" : 0,
      "unknown" : 0,
      "total" : 1
    },
    "items" : [ {
      "uid" : "70236c747493f9fd",
      "status" : "broken",
      "statusDetails" : "ValueError: multiclass format is not supported",
      "time" : {
        "start" : 1585729370409,
        "stop" : 1585729713499,
        "duration" : 343090
      }
    } ]
  },
  "7b46c8037517edd24c97eef896a047a2" : {
    "statistic" : {
      "failed" : 0,
      "broken" : 0,
      "skipped" : 0,
      "passed" : 1,
      "unknown" : 0,
      "total" : 1
    },
    "items" : [ {
      "uid" : "45eae3acdae6950e",
      "status" : "passed",
      "time" : {
        "start" : 1585729981269,
        "stop" : 1585730092899,
        "duration" : 111630
      }
    } ]
  },
  "b1529bad6a92ce205fc8bd501601388c" : {
    "statistic" : {
      "failed" : 0,
      "broken" : 0,
      "skipped" : 0,
      "passed" : 1,
      "unknown" : 0,
      "total" : 1
    },
    "items" : [ {
      "uid" : "4a452ccbf73ca36",
      "status" : "passed",
      "time" : {
        "start" : 1585730921342,
        "stop" : 1585731266660,
        "duration" : 345318
      }
    } ]
  },
  "003a7f02b4e8a7212a1ed3856330a7df" : {
    "statistic" : {
      "failed" : 0,
      "broken" : 0,
      "skipped" : 0,
      "passed" : 1,
      "unknown" : 0,
      "total" : 1
    },
    "items" : [ {
      "uid" : "72800d05e67e5340",
      "status" : "passed",
      "time" : {
        "start" : 1585729904373,
        "stop" : 1585729981263,
        "duration" : 76890
      }
    } ]
  },
  "d8540c5ad7e84c36960538bd2f6c1a29" : {
    "statistic" : {
      "failed" : 0,
      "broken" : 0,
      "skipped" : 0,
      "passed" : 1,
      "unknown" : 0,
      "total" : 1
    },
    "items" : [ {
      "uid" : "472847a8b23c7184",
      "status" : "passed",
      "time" : {
        "start" : 1585729713680,
        "stop" : 1585729904370,
        "duration" : 190690
      }
    } ]
  }
}