{
  "f3f50ad4fac162ae74e724ca1dabde50" : {
    "statistic" : {
      "failed" : 0,
      "broken" : 1,
      "skipped" : 0,
      "passed" : 0,
      "unknown" : 0,
      "total" : 1
    },
    "items" : [ {
      "uid" : "e453972b39ac901f",
      "status" : "broken",
      "statusDetails" : "KeyError: 'exp_bio'",
      "time" : {
        "start" : 1585726778355,
        "stop" : 1585726778380,
        "duration" : 25
      }
    } ]
  },
  "7b46c8037517edd24c97eef896a047a2" : {
    "statistic" : {
      "failed" : 0,
      "broken" : 1,
      "skipped" : 0,
      "passed" : 0,
      "unknown" : 0,
      "total" : 1
    },
    "items" : [ {
      "uid" : "edc8f770f13e6214",
      "status" : "broken",
      "statusDetails" : "ValueError: multiclass format is not supported",
      "time" : {
        "start" : 1585726972256,
        "stop" : 1585727085037,
        "duration" : 112781
      }
    } ]
  },
  "003a7f02b4e8a7212a1ed3856330a7df" : {
    "statistic" : {
      "failed" : 0,
      "broken" : 1,
      "skipped" : 0,
      "passed" : 0,
      "unknown" : 0,
      "total" : 1
    },
    "items" : [ {
      "uid" : "f0b032a31afa728b",
      "status" : "broken",
      "statusDetails" : "KeyError: 'exp_bio'",
      "time" : {
        "start" : 1585726972066,
        "stop" : 1585726972077,
        "duration" : 11
      }
    } ]
  },
  "d8540c5ad7e84c36960538bd2f6c1a29" : {
    "statistic" : {
      "failed" : 0,
      "broken" : 0,
      "skipped" : 0,
      "passed" : 1,
      "unknown" : 0,
      "total" : 1
    },
    "items" : [ {
      "uid" : "6805aea3db84ae74",
      "status" : "passed",
      "time" : {
        "start" : 1585726778706,
        "stop" : 1585726972062,
        "duration" : 193356
      }
    } ]
  }
}