{
  "f3f50ad4fac162ae74e724ca1dabde50" : {
    "statistic" : {
      "failed" : 0,
      "broken" : 0,
      "skipped" : 0,
      "passed" : 1,
      "unknown" : 0,
      "total" : 1
    },
    "items" : [ {
      "uid" : "2b008dbb7f586930",
      "status" : "passed",
      "time" : {
        "start" : 1584086713941,
        "stop" : 1584086714209,
        "duration" : 268
      }
    } ]
  },
  "7b46c8037517edd24c97eef896a047a2" : {
    "statistic" : {
      "failed" : 0,
      "broken" : 0,
      "skipped" : 0,
      "passed" : 1,
      "unknown" : 0,
      "total" : 1
    },
    "items" : [ {
      "uid" : "8bd290986077cc72",
      "status" : "passed",
      "time" : {
        "start" : 1584086714385,
        "stop" : 1584086714520,
        "duration" : 135
      }
    } ]
  },
  "003a7f02b4e8a7212a1ed3856330a7df" : {
    "statistic" : {
      "failed" : 0,
      "broken" : 0,
      "skipped" : 0,
      "passed" : 1,
      "unknown" : 0,
      "total" : 1
    },
    "items" : [ {
      "uid" : "fd1eee1f08afa480",
      "status" : "passed",
      "time" : {
        "start" : 1584086714213,
        "stop" : 1584086714382,
        "duration" : 169
      }
    } ]
  }
}