{
  "f3f50ad4fac162ae74e724ca1dabde50" : {
    "statistic" : {
      "failed" : 0,
      "broken" : 1,
      "skipped" : 0,
      "passed" : 0,
      "unknown" : 0,
      "total" : 1
    },
    "items" : [ {
      "uid" : "4fb17e3c57680c5a",
      "status" : "broken",
      "statusDetails" : "ValueError: multiclass format is not supported",
      "time" : {
        "start" : 1585729370409,
        "stop" : 1585729713499,
        "duration" : 343090
      }
    } ]
  },
  "7b46c8037517edd24c97eef896a047a2" : {
    "statistic" : {
      "failed" : 0,
      "broken" : 0,
      "skipped" : 0,
      "passed" : 1,
      "unknown" : 0,
      "total" : 1
    },
    "items" : [ {
      "uid" : "a2055a7ab38bc233",
      "status" : "passed",
      "time" : {
        "start" : 1585729981269,
        "stop" : 1585730092899,
        "duration" : 111630
      }
    } ]
  },
  "b1529bad6a92ce205fc8bd501601388c" : {
    "statistic" : {
      "failed" : 0,
      "broken" : 0,
      "skipped" : 0,
      "passed" : 1,
      "unknown" : 0,
      "total" : 1
    },
    "items" : [ {
      "uid" : "ee65ee0ac5a73de6",
      "status" : "passed",
      "time" : {
        "start" : 1586225957851,
        "stop" : 1586226324423,
        "duration" : 366572
      }
    } ]
  },
  "003a7f02b4e8a7212a1ed3856330a7df" : {
    "statistic" : {
      "failed" : 0,
      "broken" : 0,
      "skipped" : 0,
      "passed" : 1,
      "unknown" : 0,
      "total" : 1
    },
    "items" : [ {
      "uid" : "40ddfcb610b83e5f",
      "status" : "passed",
      "time" : {
        "start" : 1585729904373,
        "stop" : 1585729981263,
        "duration" : 76890
      }
    } ]
  },
  "d8540c5ad7e84c36960538bd2f6c1a29" : {
    "statistic" : {
      "failed" : 0,
      "broken" : 0,
      "skipped" : 0,
      "passed" : 1,
      "unknown" : 0,
      "total" : 1
    },
    "items" : [ {
      "uid" : "804c2d6f4f4199e4",
      "status" : "passed",
      "time" : {
        "start" : 1586341704545,
        "stop" : 1586341847704,
        "duration" : 143159
      }
    } ]
  }
}