{
  "uid" : "b1a8273437954620fa374b796ffaacdd",
  "name" : "behaviors",
  "children" : [ {
    "name" : "意图识别",
    "children" : [ {
      "name" : "test_get_similarity",
      "uid" : "e453972b39ac901f",
      "parentUid" : "bbf45a08ca61e19993ac78ffe6825d18",
      "status" : "broken",
      "time" : {
        "start" : 1585726778355,
        "stop" : 1585726778380,
        "duration" : 25
      },
      "flaky" : false,
      "parameters" : [ ]
    } ],
    "uid" : "bbf45a08ca61e19993ac78ffe6825d18"
  }, {
    "name" : "Ner实体识别",
    "children" : [ {
      "name" : "test_get_ner",
      "uid" : "6805aea3db84ae74",
      "parentUid" : "ff03dcdeb0e9528d5bdca058c38677c4",
      "status" : "passed",
      "time" : {
        "start" : 1585726778706,
        "stop" : 1585726972062,
        "duration" : 193356
      },
      "flaky" : false,
      "parameters" : [ ]
    } ],
    "uid" : "ff03dcdeb0e9528d5bdca058c38677c4"
  }, {
    "name" : "症状相似度",
    "children" : [ {
      "name" : "test_get_similarity",
      "uid" : "f0b032a31afa728b",
      "parentUid" : "d5f777312c4b597b80413a5fdb70dd49",
      "status" : "broken",
      "time" : {
        "start" : 1585726972066,
        "stop" : 1585726972077,
        "duration" : 11
      },
      "flaky" : false,
      "parameters" : [ ]
    } ],
    "uid" : "d5f777312c4b597b80413a5fdb70dd49"
  }, {
    "name" : "症状归一化",
    "children" : [ {
      "name" : "test_get_symtom",
      "uid" : "edc8f770f13e6214",
      "parentUid" : "cbf7d9a70dbac058dc21d4ece7896a3e",
      "status" : "broken",
      "time" : {
        "start" : 1585726972256,
        "stop" : 1585727085037,
        "duration" : 112781
      },
      "flaky" : false,
      "parameters" : [ ]
    } ],
    "uid" : "cbf7d9a70dbac058dc21d4ece7896a3e"
  } ]
}