{
  "uid" : "b1a8273437954620fa374b796ffaacdd",
  "name" : "behaviors",
  "children" : [ {
    "name" : "意图识别",
    "children" : [ {
      "name" : "test_get_similarity",
      "uid" : "2b008dbb7f586930",
      "parentUid" : "bbf45a08ca61e19993ac78ffe6825d18",
      "status" : "passed",
      "time" : {
        "start" : 1584086713941,
        "stop" : 1584086714209,
        "duration" : 268
      },
      "flaky" : false,
      "parameters" : [ ]
    } ],
    "uid" : "bbf45a08ca61e19993ac78ffe6825d18"
  }, {
    "name" : "症状相似度",
    "children" : [ {
      "name" : "test_get_similarity",
      "uid" : "fd1eee1f08afa480",
      "parentUid" : "d5f777312c4b597b80413a5fdb70dd49",
      "status" : "passed",
      "time" : {
        "start" : 1584086714213,
        "stop" : 1584086714382,
        "duration" : 169
      },
      "flaky" : false,
      "parameters" : [ ]
    } ],
    "uid" : "d5f777312c4b597b80413a5fdb70dd49"
  }, {
    "name" : "症状归一化",
    "children" : [ {
      "name" : "test_get_symtom",
      "uid" : "8bd290986077cc72",
      "parentUid" : "cbf7d9a70dbac058dc21d4ece7896a3e",
      "status" : "passed",
      "time" : {
        "start" : 1584086714385,
        "stop" : 1584086714520,
        "duration" : 135
      },
      "flaky" : false,
      "parameters" : [ ]
    } ],
    "uid" : "cbf7d9a70dbac058dc21d4ece7896a3e"
  } ]
}