{
  "uid" : "b1a8273437954620fa374b796ffaacdd",
  "name" : "behaviors",
  "children" : [ {
    "name" : "意图识别",
    "children" : [ {
      "name" : "test_get_similarity",
      "uid" : "4fb17e3c57680c5a",
      "parentUid" : "bbf45a08ca61e19993ac78ffe6825d18",
      "status" : "broken",
      "time" : {
        "start" : 1585729370409,
        "stop" : 1585729713499,
        "duration" : 343090
      },
      "flaky" : true,
      "parameters" : [ ]
    }, {
      "name" : "test_get_intent",
      "uid" : "ee65ee0ac5a73de6",
      "parentUid" : "bbf45a08ca61e19993ac78ffe6825d18",
      "status" : "passed",
      "time" : {
        "start" : 1586225957851,
        "stop" : 1586226324423,
        "duration" : 366572
      },
      "flaky" : true,
      "parameters" : [ ]
    } ],
    "uid" : "bbf45a08ca61e19993ac78ffe6825d18"
  }, {
    "name" : "症状相似度",
    "children" : [ {
      "name" : "test_get_similarity",
      "uid" : "40ddfcb610b83e5f",
      "parentUid" : "d5f777312c4b597b80413a5fdb70dd49",
      "status" : "passed",
      "time" : {
        "start" : 1585729904373,
        "stop" : 1585729981263,
        "duration" : 76890
      },
      "flaky" : true,
      "parameters" : [ ]
    } ],
    "uid" : "d5f777312c4b597b80413a5fdb70dd49"
  }, {
    "name" : "症状归一化",
    "children" : [ {
      "name" : "test_get_symtom",
      "uid" : "a2055a7ab38bc233",
      "parentUid" : "cbf7d9a70dbac058dc21d4ece7896a3e",
      "status" : "passed",
      "time" : {
        "start" : 1585729981269,
        "stop" : 1585730092899,
        "duration" : 111630
      },
      "flaky" : true,
      "parameters" : [ ]
    } ],
    "uid" : "cbf7d9a70dbac058dc21d4ece7896a3e"
  }, {
    "name" : "Ner实体识别",
    "children" : [ {
      "name" : "test_get_ner",
      "uid" : "804c2d6f4f4199e4",
      "parentUid" : "ff03dcdeb0e9528d5bdca058c38677c4",
      "status" : "passed",
      "time" : {
        "start" : 1586341704545,
        "stop" : 1586341847704,
        "duration" : 143159
      },
      "flaky" : true,
      "parameters" : [ ]
    } ],
    "uid" : "ff03dcdeb0e9528d5bdca058c38677c4"
  } ]
}