{
  "uid" : "83edc06c07f9ae9e47eb6dd1b683e4e2",
  "name" : "packages",
  "children" : [ {
    "name" : "pytest.api",
    "children" : [ {
      "name" : "test_get_intent",
      "children" : [ {
        "name" : "test_get_similarity",
        "uid" : "e453972b39ac901f",
        "parentUid" : "6e996aa1bb2a364a84711696007b8cf8",
        "status" : "broken",
        "time" : {
          "start" : 1585726778355,
          "stop" : 1585726778380,
          "duration" : 25
        },
        "flaky" : false,
        "parameters" : [ ]
      } ],
      "uid" : "6e996aa1bb2a364a84711696007b8cf8"
    }, {
      "name" : "test_get_ner",
      "children" : [ {
        "name" : "test_get_ner",
        "uid" : "6805aea3db84ae74",
        "parentUid" : "cb4471c41942984d5532be4c1ac2eb24",
        "status" : "passed",
        "time" : {
          "start" : 1585726778706,
          "stop" : 1585726972062,
          "duration" : 193356
        },
        "flaky" : false,
        "parameters" : [ ]
      } ],
      "uid" : "cb4471c41942984d5532be4c1ac2eb24"
    }, {
      "name" : "test_get_similarity",
      "children" : [ {
        "name" : "test_get_similarity",
        "uid" : "f0b032a31afa728b",
        "parentUid" : "3795372c4796e730074a239a528d24bb",
        "status" : "broken",
        "time" : {
          "start" : 1585726972066,
          "stop" : 1585726972077,
          "duration" : 11
        },
        "flaky" : false,
        "parameters" : [ ]
      } ],
      "uid" : "3795372c4796e730074a239a528d24bb"
    }, {
      "name" : "test_get_symptom",
      "children" : [ {
        "name" : "test_get_symtom",
        "uid" : "edc8f770f13e6214",
        "parentUid" : "8781e1cb236c31c492df9f48710cf4b2",
        "status" : "broken",
        "time" : {
          "start" : 1585726972256,
          "stop" : 1585727085037,
          "duration" : 112781
        },
        "flaky" : false,
        "parameters" : [ ]
      } ],
      "uid" : "8781e1cb236c31c492df9f48710cf4b2"
    } ],
    "uid" : "pytest.api"
  } ]
}