{
  "uid" : "83edc06c07f9ae9e47eb6dd1b683e4e2",
  "name" : "packages",
  "children" : [ {
    "name" : "pytest.api",
    "children" : [ {
      "name" : "test_get_intent",
      "children" : [ {
        "name" : "test_get_similarity",
        "uid" : "4fb17e3c57680c5a",
        "parentUid" : "6e996aa1bb2a364a84711696007b8cf8",
        "status" : "broken",
        "time" : {
          "start" : 1585729370409,
          "stop" : 1585729713499,
          "duration" : 343090
        },
        "flaky" : true,
        "parameters" : [ ]
      }, {
        "name" : "test_get_intent",
        "uid" : "ee65ee0ac5a73de6",
        "parentUid" : "6e996aa1bb2a364a84711696007b8cf8",
        "status" : "passed",
        "time" : {
          "start" : 1586225957851,
          "stop" : 1586226324423,
          "duration" : 366572
        },
        "flaky" : true,
        "parameters" : [ ]
      } ],
      "uid" : "6e996aa1bb2a364a84711696007b8cf8"
    }, {
      "name" : "test_get_similarity",
      "children" : [ {
        "name" : "test_get_similarity",
        "uid" : "40ddfcb610b83e5f",
        "parentUid" : "3795372c4796e730074a239a528d24bb",
        "status" : "passed",
        "time" : {
          "start" : 1585729904373,
          "stop" : 1585729981263,
          "duration" : 76890
        },
        "flaky" : true,
        "parameters" : [ ]
      } ],
      "uid" : "3795372c4796e730074a239a528d24bb"
    }, {
      "name" : "test_get_symptom",
      "children" : [ {
        "name" : "test_get_symtom",
        "uid" : "a2055a7ab38bc233",
        "parentUid" : "8781e1cb236c31c492df9f48710cf4b2",
        "status" : "passed",
        "time" : {
          "start" : 1585729981269,
          "stop" : 1585730092899,
          "duration" : 111630
        },
        "flaky" : true,
        "parameters" : [ ]
      } ],
      "uid" : "8781e1cb236c31c492df9f48710cf4b2"
    }, {
      "name" : "test_get_ner",
      "children" : [ {
        "name" : "test_get_ner",
        "uid" : "804c2d6f4f4199e4",
        "parentUid" : "cb4471c41942984d5532be4c1ac2eb24",
        "status" : "passed",
        "time" : {
          "start" : 1586341704545,
          "stop" : 1586341847704,
          "duration" : 143159
        },
        "flaky" : true,
        "parameters" : [ ]
      } ],
      "uid" : "cb4471c41942984d5532be4c1ac2eb24"
    } ],
    "uid" : "pytest.api"
  } ]
}