{
  "uid" : "83edc06c07f9ae9e47eb6dd1b683e4e2",
  "name" : "packages",
  "children" : [ {
    "name" : "pytest.api",
    "children" : [ {
      "name" : "test_get_intent",
      "children" : [ {
        "name" : "test_get_similarity",
        "uid" : "70236c747493f9fd",
        "parentUid" : "6e996aa1bb2a364a84711696007b8cf8",
        "status" : "broken",
        "time" : {
          "start" : 1585729370409,
          "stop" : 1585729713499,
          "duration" : 343090
        },
        "flaky" : true,
        "parameters" : [ ]
      }, {
        "name" : "test_get_intent",
        "uid" : "4a452ccbf73ca36",
        "parentUid" : "6e996aa1bb2a364a84711696007b8cf8",
        "status" : "passed",
        "time" : {
          "start" : 1585730921342,
          "stop" : 1585731266660,
          "duration" : 345318
        },
        "flaky" : true,
        "parameters" : [ ]
      } ],
      "uid" : "6e996aa1bb2a364a84711696007b8cf8"
    }, {
      "name" : "test_get_ner",
      "children" : [ {
        "name" : "test_get_ner",
        "uid" : "472847a8b23c7184",
        "parentUid" : "cb4471c41942984d5532be4c1ac2eb24",
        "status" : "passed",
        "time" : {
          "start" : 1585729713680,
          "stop" : 1585729904370,
          "duration" : 190690
        },
        "flaky" : true,
        "parameters" : [ ]
      } ],
      "uid" : "cb4471c41942984d5532be4c1ac2eb24"
    }, {
      "name" : "test_get_similarity",
      "children" : [ {
        "name" : "test_get_similarity",
        "uid" : "72800d05e67e5340",
        "parentUid" : "3795372c4796e730074a239a528d24bb",
        "status" : "passed",
        "time" : {
          "start" : 1585729904373,
          "stop" : 1585729981263,
          "duration" : 76890
        },
        "flaky" : true,
        "parameters" : [ ]
      } ],
      "uid" : "3795372c4796e730074a239a528d24bb"
    }, {
      "name" : "test_get_symptom",
      "children" : [ {
        "name" : "test_get_symtom",
        "uid" : "45eae3acdae6950e",
        "parentUid" : "8781e1cb236c31c492df9f48710cf4b2",
        "status" : "passed",
        "time" : {
          "start" : 1585729981269,
          "stop" : 1585730092899,
          "duration" : 111630
        },
        "flaky" : true,
        "parameters" : [ ]
      } ],
      "uid" : "8781e1cb236c31c492df9f48710cf4b2"
    } ],
    "uid" : "pytest.api"
  } ]
}