{
  "uid" : "83edc06c07f9ae9e47eb6dd1b683e4e2",
  "name" : "packages",
  "children" : [ {
    "name" : "pytest.api",
    "children" : [ {
      "name" : "test_get_intent",
      "children" : [ {
        "name" : "test_get_similarity",
        "uid" : "2b008dbb7f586930",
        "parentUid" : "6e996aa1bb2a364a84711696007b8cf8",
        "status" : "passed",
        "time" : {
          "start" : 1584086713941,
          "stop" : 1584086714209,
          "duration" : 268
        },
        "flaky" : false,
        "parameters" : [ ]
      } ],
      "uid" : "6e996aa1bb2a364a84711696007b8cf8"
    }, {
      "name" : "test_get_similarity",
      "children" : [ {
        "name" : "test_get_similarity",
        "uid" : "fd1eee1f08afa480",
        "parentUid" : "3795372c4796e730074a239a528d24bb",
        "status" : "passed",
        "time" : {
          "start" : 1584086714213,
          "stop" : 1584086714382,
          "duration" : 169
        },
        "flaky" : false,
        "parameters" : [ ]
      } ],
      "uid" : "3795372c4796e730074a239a528d24bb"
    }, {
      "name" : "test_get_symptom",
      "children" : [ {
        "name" : "test_get_symtom",
        "uid" : "8bd290986077cc72",
        "parentUid" : "8781e1cb236c31c492df9f48710cf4b2",
        "status" : "passed",
        "time" : {
          "start" : 1584086714385,
          "stop" : 1584086714520,
          "duration" : 135
        },
        "flaky" : false,
        "parameters" : [ ]
      } ],
      "uid" : "8781e1cb236c31c492df9f48710cf4b2"
    } ],
    "uid" : "pytest.api"
  } ]
}