{
  "uid" : "98d3104e051c652961429bf95fa0b5d6",
  "name" : "suites",
  "children" : [ {
    "name" : "pytest.api",
    "children" : [ {
      "name" : "test_get_intent",
      "children" : [ {
        "name" : "TestIntent",
        "children" : [ {
          "name" : "test_get_similarity",
          "uid" : "e453972b39ac901f",
          "parentUid" : "2c4413a290385174ebd37281b89d6e89",
          "status" : "broken",
          "time" : {
            "start" : 1585726778355,
            "stop" : 1585726778380,
            "duration" : 25
          },
          "flaky" : false,
          "parameters" : [ ]
        } ],
        "uid" : "2c4413a290385174ebd37281b89d6e89"
      } ],
      "uid" : "678e135c51af3469e2c20fa9fe4ae59e"
    }, {
      "name" : "test_get_ner",
      "children" : [ {
        "name" : "TestNer",
        "children" : [ {
          "name" : "test_get_ner",
          "uid" : "6805aea3db84ae74",
          "parentUid" : "ea7aff6277416ff295f827079069cb26",
          "status" : "passed",
          "time" : {
            "start" : 1585726778706,
            "stop" : 1585726972062,
            "duration" : 193356
          },
          "flaky" : false,
          "parameters" : [ ]
        } ],
        "uid" : "ea7aff6277416ff295f827079069cb26"
      } ],
      "uid" : "981172c492ca2fdc2ba7812ac2bd2fab"
    }, {
      "name" : "test_get_similarity",
      "children" : [ {
        "name" : "TestSimilarity",
        "children" : [ {
          "name" : "test_get_similarity",
          "uid" : "f0b032a31afa728b",
          "parentUid" : "96cb63e393bd72b184bc648d4c2432fd",
          "status" : "broken",
          "time" : {
            "start" : 1585726972066,
            "stop" : 1585726972077,
            "duration" : 11
          },
          "flaky" : false,
          "parameters" : [ ]
        } ],
        "uid" : "96cb63e393bd72b184bc648d4c2432fd"
      } ],
      "uid" : "f94fe489d4ac25f5a3562428588b1442"
    }, {
      "name" : "test_get_symptom",
      "children" : [ {
        "name" : "TestSymptom",
        "children" : [ {
          "name" : "test_get_symtom",
          "uid" : "edc8f770f13e6214",
          "parentUid" : "113c20686be5aea1d68c094364764930",
          "status" : "broken",
          "time" : {
            "start" : 1585726972256,
            "stop" : 1585727085037,
            "duration" : 112781
          },
          "flaky" : false,
          "parameters" : [ ]
        } ],
        "uid" : "113c20686be5aea1d68c094364764930"
      } ],
      "uid" : "623719092e86948d8f6fa67c64faaa13"
    } ],
    "uid" : "3436f76b4fbf923b7c164f1629748eba"
  } ]
}