{
  "uid" : "98d3104e051c652961429bf95fa0b5d6",
  "name" : "suites",
  "children" : [ {
    "name" : "pytest.api",
    "children" : [ {
      "name" : "test_get_intent",
      "children" : [ {
        "name" : "TestIntent",
        "children" : [ {
          "name" : "test_get_similarity",
          "uid" : "70236c747493f9fd",
          "parentUid" : "2c4413a290385174ebd37281b89d6e89",
          "status" : "broken",
          "time" : {
            "start" : 1585729370409,
            "stop" : 1585729713499,
            "duration" : 343090
          },
          "flaky" : true,
          "parameters" : [ ]
        }, {
          "name" : "test_get_intent",
          "uid" : "4a452ccbf73ca36",
          "parentUid" : "2c4413a290385174ebd37281b89d6e89",
          "status" : "passed",
          "time" : {
            "start" : 1585730921342,
            "stop" : 1585731266660,
            "duration" : 345318
          },
          "flaky" : true,
          "parameters" : [ ]
        } ],
        "uid" : "2c4413a290385174ebd37281b89d6e89"
      } ],
      "uid" : "678e135c51af3469e2c20fa9fe4ae59e"
    }, {
      "name" : "test_get_ner",
      "children" : [ {
        "name" : "TestNer",
        "children" : [ {
          "name" : "test_get_ner",
          "uid" : "472847a8b23c7184",
          "parentUid" : "ea7aff6277416ff295f827079069cb26",
          "status" : "passed",
          "time" : {
            "start" : 1585729713680,
            "stop" : 1585729904370,
            "duration" : 190690
          },
          "flaky" : true,
          "parameters" : [ ]
        } ],
        "uid" : "ea7aff6277416ff295f827079069cb26"
      } ],
      "uid" : "981172c492ca2fdc2ba7812ac2bd2fab"
    }, {
      "name" : "test_get_similarity",
      "children" : [ {
        "name" : "TestSimilarity",
        "children" : [ {
          "name" : "test_get_similarity",
          "uid" : "72800d05e67e5340",
          "parentUid" : "96cb63e393bd72b184bc648d4c2432fd",
          "status" : "passed",
          "time" : {
            "start" : 1585729904373,
            "stop" : 1585729981263,
            "duration" : 76890
          },
          "flaky" : true,
          "parameters" : [ ]
        } ],
        "uid" : "96cb63e393bd72b184bc648d4c2432fd"
      } ],
      "uid" : "f94fe489d4ac25f5a3562428588b1442"
    }, {
      "name" : "test_get_symptom",
      "children" : [ {
        "name" : "TestSymptom",
        "children" : [ {
          "name" : "test_get_symtom",
          "uid" : "45eae3acdae6950e",
          "parentUid" : "113c20686be5aea1d68c094364764930",
          "status" : "passed",
          "time" : {
            "start" : 1585729981269,
            "stop" : 1585730092899,
            "duration" : 111630
          },
          "flaky" : true,
          "parameters" : [ ]
        } ],
        "uid" : "113c20686be5aea1d68c094364764930"
      } ],
      "uid" : "623719092e86948d8f6fa67c64faaa13"
    } ],
    "uid" : "3436f76b4fbf923b7c164f1629748eba"
  } ]
}