{
  "uid" : "98d3104e051c652961429bf95fa0b5d6",
  "name" : "suites",
  "children" : [ {
    "name" : "pytest.api",
    "children" : [ {
      "name" : "test_get_intent",
      "children" : [ {
        "name" : "TestIntent",
        "children" : [ {
          "name" : "test_get_similarity",
          "uid" : "4fb17e3c57680c5a",
          "parentUid" : "2c4413a290385174ebd37281b89d6e89",
          "status" : "broken",
          "time" : {
            "start" : 1585729370409,
            "stop" : 1585729713499,
            "duration" : 343090
          },
          "flaky" : true,
          "parameters" : [ ]
        }, {
          "name" : "test_get_intent",
          "uid" : "ee65ee0ac5a73de6",
          "parentUid" : "2c4413a290385174ebd37281b89d6e89",
          "status" : "passed",
          "time" : {
            "start" : 1586225957851,
            "stop" : 1586226324423,
            "duration" : 366572
          },
          "flaky" : true,
          "parameters" : [ ]
        } ],
        "uid" : "2c4413a290385174ebd37281b89d6e89"
      } ],
      "uid" : "678e135c51af3469e2c20fa9fe4ae59e"
    }, {
      "name" : "test_get_similarity",
      "children" : [ {
        "name" : "TestSimilarity",
        "children" : [ {
          "name" : "test_get_similarity",
          "uid" : "40ddfcb610b83e5f",
          "parentUid" : "96cb63e393bd72b184bc648d4c2432fd",
          "status" : "passed",
          "time" : {
            "start" : 1585729904373,
            "stop" : 1585729981263,
            "duration" : 76890
          },
          "flaky" : true,
          "parameters" : [ ]
        } ],
        "uid" : "96cb63e393bd72b184bc648d4c2432fd"
      } ],
      "uid" : "f94fe489d4ac25f5a3562428588b1442"
    }, {
      "name" : "test_get_symptom",
      "children" : [ {
        "name" : "TestSymptom",
        "children" : [ {
          "name" : "test_get_symtom",
          "uid" : "a2055a7ab38bc233",
          "parentUid" : "113c20686be5aea1d68c094364764930",
          "status" : "passed",
          "time" : {
            "start" : 1585729981269,
            "stop" : 1585730092899,
            "duration" : 111630
          },
          "flaky" : true,
          "parameters" : [ ]
        } ],
        "uid" : "113c20686be5aea1d68c094364764930"
      } ],
      "uid" : "623719092e86948d8f6fa67c64faaa13"
    }, {
      "name" : "test_get_ner",
      "children" : [ {
        "name" : "TestNer",
        "children" : [ {
          "name" : "test_get_ner",
          "uid" : "804c2d6f4f4199e4",
          "parentUid" : "ea7aff6277416ff295f827079069cb26",
          "status" : "passed",
          "time" : {
            "start" : 1586341704545,
            "stop" : 1586341847704,
            "duration" : 143159
          },
          "flaky" : true,
          "parameters" : [ ]
        } ],
        "uid" : "ea7aff6277416ff295f827079069cb26"
      } ],
      "uid" : "981172c492ca2fdc2ba7812ac2bd2fab"
    } ],
    "uid" : "3436f76b4fbf923b7c164f1629748eba"
  } ]
}