{
  "uid" : "ab17fc5a4eb3bca4b216b548c7f9fcbc",
  "name" : "timeline",
  "children" : [ {
    "name" : "WIN-OQ20V7UABJF",
    "children" : [ {
      "name" : "19556-MainThread",
      "children" : [ {
        "name" : "test_get_symtom",
        "uid" : "a2055a7ab38bc233",
        "parentUid" : "907dad6129d7d8a699af80909c8470c3",
        "status" : "passed",
        "time" : {
          "start" : 1585729981269,
          "stop" : 1585730092899,
          "duration" : 111630
        },
        "flaky" : true,
        "parameters" : [ ]
      }, {
        "name" : "test_get_similarity",
        "uid" : "40ddfcb610b83e5f",
        "parentUid" : "907dad6129d7d8a699af80909c8470c3",
        "status" : "passed",
        "time" : {
          "start" : 1585729904373,
          "stop" : 1585729981263,
          "duration" : 76890
        },
        "flaky" : true,
        "parameters" : [ ]
      }, {
        "name" : "test_get_similarity",
        "uid" : "4fb17e3c57680c5a",
        "parentUid" : "907dad6129d7d8a699af80909c8470c3",
        "status" : "broken",
        "time" : {
          "start" : 1585729370409,
          "stop" : 1585729713499,
          "duration" : 343090
        },
        "flaky" : true,
        "parameters" : [ ]
      } ],
      "uid" : "907dad6129d7d8a699af80909c8470c3"
    }, {
      "name" : "3312-MainThread",
      "children" : [ {
        "name" : "test_get_intent",
        "uid" : "ee65ee0ac5a73de6",
        "parentUid" : "b58b87bef4d5e613ce6803a99136a8f7",
        "status" : "passed",
        "time" : {
          "start" : 1586225957851,
          "stop" : 1586226324423,
          "duration" : 366572
        },
        "flaky" : true,
        "parameters" : [ ]
      } ],
      "uid" : "b58b87bef4d5e613ce6803a99136a8f7"
    }, {
      "name" : "13460-MainThread",
      "children" : [ {
        "name" : "test_get_ner",
        "uid" : "804c2d6f4f4199e4",
        "parentUid" : "dccaad3ac2d9b7c670025440649b935c",
        "status" : "passed",
        "time" : {
          "start" : 1586341704545,
          "stop" : 1586341847704,
          "duration" : 143159
        },
        "flaky" : true,
        "parameters" : [ ]
      } ],
      "uid" : "dccaad3ac2d9b7c670025440649b935c"
    } ],
    "uid" : "c1d739ea2cde58890d0f87d35a80f37b"
  } ]
}