{
  "uid" : "ab17fc5a4eb3bca4b216b548c7f9fcbc",
  "name" : "timeline",
  "children" : [ {
    "name" : "WIN-OQ20V7UABJF",
    "children" : [ {
      "name" : "9096-MainThread",
      "children" : [ {
        "name" : "test_get_similarity",
        "uid" : "2b008dbb7f586930",
        "parentUid" : "b3701733209703365b6b6c74b3950aae",
        "status" : "passed",
        "time" : {
          "start" : 1584086713941,
          "stop" : 1584086714209,
          "duration" : 268
        },
        "flaky" : false,
        "parameters" : [ ]
      }, {
        "name" : "test_get_similarity",
        "uid" : "fd1eee1f08afa480",
        "parentUid" : "b3701733209703365b6b6c74b3950aae",
        "status" : "passed",
        "time" : {
          "start" : 1584086714213,
          "stop" : 1584086714382,
          "duration" : 169
        },
        "flaky" : false,
        "parameters" : [ ]
      }, {
        "name" : "test_get_symtom",
        "uid" : "8bd290986077cc72",
        "parentUid" : "b3701733209703365b6b6c74b3950aae",
        "status" : "passed",
        "time" : {
          "start" : 1584086714385,
          "stop" : 1584086714520,
          "duration" : 135
        },
        "flaky" : false,
        "parameters" : [ ]
      } ],
      "uid" : "b3701733209703365b6b6c74b3950aae"
    } ],
    "uid" : "c1d739ea2cde58890d0f87d35a80f37b"
  } ]
}