{
  "uid" : "ab17fc5a4eb3bca4b216b548c7f9fcbc",
  "name" : "timeline",
  "children" : [ {
    "name" : "WIN-OQ20V7UABJF",
    "children" : [ {
      "name" : "21528-MainThread",
      "children" : [ {
        "name" : "test_get_similarity",
        "uid" : "e453972b39ac901f",
        "parentUid" : "1395e2dc9508811767ffdf6345a5e745",
        "status" : "broken",
        "time" : {
          "start" : 1585726778355,
          "stop" : 1585726778380,
          "duration" : 25
        },
        "flaky" : false,
        "parameters" : [ ]
      }, {
        "name" : "test_get_symtom",
        "uid" : "edc8f770f13e6214",
        "parentUid" : "1395e2dc9508811767ffdf6345a5e745",
        "status" : "broken",
        "time" : {
          "start" : 1585726972256,
          "stop" : 1585727085037,
          "duration" : 112781
        },
        "flaky" : false,
        "parameters" : [ ]
      }, {
        "name" : "test_get_similarity",
        "uid" : "f0b032a31afa728b",
        "parentUid" : "1395e2dc9508811767ffdf6345a5e745",
        "status" : "broken",
        "time" : {
          "start" : 1585726972066,
          "stop" : 1585726972077,
          "duration" : 11
        },
        "flaky" : false,
        "parameters" : [ ]
      }, {
        "name" : "test_get_ner",
        "uid" : "6805aea3db84ae74",
        "parentUid" : "1395e2dc9508811767ffdf6345a5e745",
        "status" : "passed",
        "time" : {
          "start" : 1585726778706,
          "stop" : 1585726972062,
          "duration" : 193356
        },
        "flaky" : false,
        "parameters" : [ ]
      } ],
      "uid" : "1395e2dc9508811767ffdf6345a5e745"
    } ],
    "uid" : "c1d739ea2cde58890d0f87d35a80f37b"
  } ]
}